,age,workclass,fnlwgt,education,marital-status,occupation,relationship,race,sex,capital-gain,capital-loss,hours-per-week,native-country
PC1,-0.32670110893497284,-0.11513711459242784,0.042632039088127356,-0.031924379009287546,0.3402494004178107,-0.06028447700903625,0.5610414759793267,-0.1673924759449137,-0.5038951003493575,-0.12669921991255656,-0.10592557013506558,-0.36331846729188333,-0.04240309588680547
PC2,0.20552585342470428,0.02824925858979818,-0.41412646100711603,0.4173656505405615,-0.2573601877260167,-0.26272187364904187,0.18123539391879862,0.2875030367592855,-0.30630491797741843,0.0742711794656532,0.0556551431304336,-0.005644133569316579,0.5079731446188994
