,age,workclass,education,marital-status,occupation,relationship,race,sex,capital-gain,capital-loss,hours-per-week,native-country
PC1,-0.325706796249453,-0.1145549082137104,-0.029469208053832456,0.33963587896539804,-0.05886865274644747,0.5630634392929109,-0.16727541163706067,-0.5050773562602817,-0.1271882030576231,-0.10376337998282473,-0.3645974857319738,-0.033258572771785344
PC2,0.057204373197123216,0.031586887220329624,0.4973493449922144,-0.2007504538763118,-0.2627630722250303,0.1528934054842505,0.41807512938803004,-0.23794544647808005,0.09287672819539884,0.0393069337276852,0.02881298474550456,0.6109384812725807
